Date,Token,stakingRewards,cumStakingRewards,APR,forcastTokenStaked
2022-10-13 00:00:00,EVMOS,0.4698225911416398,0.4698225911416398,180.5107850175774,91401567.77
2022-10-14 00:00:00,EVMOS,0.4665965894383265,0.9364191805799663,179.27132120525178,92033508.97999999
2022-10-15 00:00:00,EVMOS,0.4634145878108919,1.3998337683908582,178.04876268523745,92665450.19
2022-10-16 00:00:00,EVMOS,0.4602756921680619,1.8601094605589201,176.84276593825538,93297391.39999999
2022-10-17 00:00:00,EVMOS,0.45717903247976227,2.3172884930386823,175.6529966895929,93929332.61
2022-10-18 00:00:00,EVMOS,0.45412376197312937,2.771412255011812,174.47912960020233,94561273.82
2022-10-19 00:00:00,EVMOS,0.4511090563605433,3.222521311372355,173.32084797010347,95193215.03
2022-10-20 00:00:00,EVMOS,0.4481341130982078,3.6706554244705627,172.17784345352194,95825156.24
2022-10-21 00:00:00,EVMOS,0.4451981506738734,4.1158535751444365,171.04981578522506,96457097.44999999
2022-10-22 00:00:00,EVMOS,0.4423004079223786,4.558153983066815,169.93647251754547,97089038.66
2022-10-23 00:00:00,EVMOS,0.4394401433677478,4.997594126434564,168.83752876760838,97720979.86999999
2022-10-24 00:00:00,EVMOS,0.43661663459065186,5.4342107610252155,167.7527069743031,98352921.08
2022-10-25 00:00:00,EVMOS,0.4338291776201005,5.868039938645316,166.68173666456494,98984862.28999999
2022-10-26 00:00:00,EVMOS,0.4310770863482845,6.2991170249936,165.62435422855143,99616803.5
2022-10-27 00:00:00,EVMOS,0.42835969196755436,6.727476716961155,164.58030270332353,100248744.71
2022-10-28 00:00:00,EVMOS,0.4256763424285566,7.1531530593897115,163.54933156465597,100880685.91999999
2022-10-29 00:00:00,EVMOS,0.42302640191861207,7.576179461308324,162.53119652662465,101512627.13
2022-10-30 00:00:00,EVMOS,0.42040925035945564,7.99658871166778,161.52565934863296,102144568.34
2022-10-31 00:00:00,EVMOS,0.4178242829235057,8.414412994591286,160.53248764955745,102776509.55
2022-11-01 00:00:00,EVMOS,0.41527090956787094,8.829683904159157,159.5514547287083,103408450.75999999
2022-11-02 00:00:00,EVMOS,0.41274855458533877,9.242432458744496,158.58233939331438,104040391.97
2022-11-03 00:00:00,EVMOS,0.4102566561716303,9.652689114916125,157.62492579225798,104672333.17999999
2022-11-04 00:00:00,EVMOS,0.407794666008235,10.06048378092436,156.67900325579558,105304274.39
2022-11-05 00:00:00,EVMOS,0.40536204886017835,10.465845829784538,155.74436614101592,105936215.6
2022-11-06 00:00:00,EVMOS,0.40295828218809915,10.868804111972636,154.820813682796,106568156.81
2022-11-07 00:00:00,EVMOS,0.4005828557740491,11.269386967746685,153.90814985002942,107200098.02
2022-11-08 00:00:00,EVMOS,0.3982352713604486,11.667622239107134,153.0061832069092,107832039.22999999
2022-11-09 00:00:00,EVMOS,0.39591504230166524,12.063537281408799,152.11472677906085,108463980.44
2022-11-10 00:00:00,EVMOS,0.39362169322770085,12.4571589746365,151.23359792432717,109095921.64999999
2022-11-11 00:00:00,EVMOS,0.39135475971950034,12.848513734355999,150.36261820801857,109727862.86
2022-11-12 00:00:00,EVMOS,0.3891137879954156,13.237627522351413,149.50161328244917,110359804.07
2022-11-13 00:00:00,EVMOS,0.38689833460838063,13.624525856959794,148.65041277058836,110991745.28
2022-11-14 00:00:00,EVMOS,0.38470796615337255,14.009233823113167,147.8088501536642,111623686.49
2022-11-15 00:00:00,EVMOS,0.3825422589847546,14.391776082097921,146.9767626625636,112255627.69999999
2022-11-16 00:00:00,EVMOS,0.3804007989431118,14.772176881041034,146.15399117287978,112887568.91
2022-11-17 00:00:00,EVMOS,0.3782831810912117,15.150460062132245,145.34038010346555,113519510.11999999
2022-11-18 00:00:00,EVMOS,0.37618900945873407,15.52664907159098,144.5357773183557,114151451.33
2022-11-19 00:00:00,EVMOS,0.37411789679543467,15.900766968386414,143.74003403193018,114783392.53999999
2022-11-20 00:00:00,EVMOS,0.37206946433241667,16.27283643271883,142.95300471719167,115415333.75
2022-11-21 00:00:00,EVMOS,0.3700433415512025,16.642879774270032,142.174547017041,116047274.96
2022-11-22 00:00:00,EVMOS,0.3680391659603107,17.010918940230344,141.40452165843516,116679216.16999999
2022-11-23 00:00:00,EVMOS,0.3660565828790529,17.376975523109397,140.64279236932032,117311157.38
2022-11-24 00:00:00,EVMOS,0.3640952452282828,17.74107076833768,139.88922579823497,117943098.59
2022-11-25 00:00:00,EVMOS,0.36215481332783483,18.103225581665512,139.14369143648395,118575039.8
2022-11-26 00:00:00,EVMOS,0.36023495470040673,18.46346053636592,138.40606154278785,119206981.00999999
2022-11-27 00:00:00,EVMOS,0.3583353438816465,18.821795880247564,137.6762110703168,119838922.22
2022-11-28 00:00:00,EVMOS,0.35645566223621766,19.178251542483782,136.9540175960205,120470863.42999999
2022-11-29 00:00:00,EVMOS,0.3545955977796221,19.532847140263403,136.2393612521706,121102804.63999999
2022-11-30 00:00:00,EVMOS,0.3527548450055732,19.885601985268977,135.532124660036,121734745.85
2022-12-01 00:00:00,EVMOS,0.3509331047187181,20.236535089987694,134.83219286561274,122366687.06
2022-12-02 00:00:00,EVMOS,0.34913008387251654,20.58566517386021,134.13945327733532,122998628.27
2022-12-03 00:00:00,EVMOS,0.3473454954120914,20.933010669272303,133.4537956056983,123630569.47999999
2022-12-04 00:00:00,EVMOS,0.3455790581218747,21.278589727394177,132.7751118047203,124262510.69
2022-12-05 00:00:00,EVMOS,0.3438304964778791,21.622420223872055,132.10329601518512,124894451.89999999
2022-12-06 00:00:00,EVMOS,0.3420995405044312,21.964519764376487,131.43824450959724,125526393.10999998
2022-12-07 00:00:00,EVMOS,0.34038592563521086,22.304905690011697,130.77985563879156,126158334.32
2022-12-08 00:00:00,EVMOS,0.3386893925784466,22.643595082590142,130.12802978014003,126790275.53
2022-12-09 00:00:00,EVMOS,0.3370096871861216,22.980604769776264,129.48266928729936,127422216.74
2022-12-10 00:00:00,EVMOS,0.3353465603270525,23.315951330103317,128.8436784414465,128054157.94999999
2022-12-11 00:00:00,EVMOS,0.33369976776370874,23.649651097867025,128.21096340395124,128686099.16
2022-12-12 00:00:00,EVMOS,0.33206907003264224,23.981720167899667,127.58443217043624,129318040.36999999
2022-12-13 00:00:00,EVMOS,0.3304542323284074,24.312174400228074,126.9639945261776,129949981.57999998
2022-12-14 00:00:00,EVMOS,0.32885502439085035,24.641029424618925,126.34956200280041,130581922.78999999
2022-12-15 00:00:00,EVMOS,0.3272712203956556,24.96830064501458,125.74104783622559,131213864.0
2022-12-16 00:00:00,EVMOS,0.325702598848041,25.29400324386262,125.13836692582629,131845805.21
2022-12-17 00:00:00,EVMOS,0.32414894247949416,25.61815218634211,124.54143579475301,132477746.41999999
2022-12-18 00:00:00,EVMOS,0.322610038147451,25.940762224489564,123.95017255138906,133109687.63
2022-12-19 00:00:00,EVMOS,0.3210856767378188,26.261847901227384,123.3644968518988,133741628.84
2022-12-20 00:00:00,EVMOS,0.3195756530702489,26.581423554297633,122.78432986383245,134373570.05
2022-12-21 00:00:00,EVMOS,0.31807976580607034,26.899503320103705,122.20959423075334,135005511.26
2022-12-22 00:00:00,EVMOS,0.31659781735879716,27.216101137462502,121.64021403785364,135637452.47
2022-12-23 00:00:00,EVMOS,0.31512961380712573,27.53123075126963,121.07611477852726,136269393.68
2022-12-24 00:00:00,EVMOS,0.31367496481034196,27.84490571607997,120.51722332186823,136901334.89
2022-12-25 00:00:00,EVMOS,0.3122336835260597,28.15713939960603,119.96346788106506,137533276.1
2022-12-26 00:00:00,EVMOS,0.31080558653021806,28.46794498613625,119.41477798266274,138165217.31
2022-12-27 00:00:00,EVMOS,0.30939049373926325,28.77733547987551,118.87108443666432,138797158.51999998
2022-12-28 00:00:00,EVMOS,0.3079882283344468,29.08532370820996,118.33231930744535,139429099.73
2022-12-29 00:00:00,EVMOS,0.3065986166881732,29.391922324898133,117.79841588545601,140061040.94
2022-12-30 00:00:00,EVMOS,0.30522148829233264,29.697143813190465,117.26930865968572,140692982.14999998
2022-12-31 00:00:00,EVMOS,0.3038566756885563,30.001000488879022,116.74493329086637,141324923.35999998
2023-01-01 00:00:00,EVMOS,0.30250401440033436,30.303504503279356,116.22522658539161,141956864.57
2023-01-02 00:00:00,EVMOS,0.3011633428669395,30.604667846146295,115.7101264699294,142588805.78
2023-01-03 00:00:00,EVMOS,0.2998345023790997,30.904502348525394,115.19957196670671,143220746.99
2023-01-04 00:00:00,EVMOS,0.2985173370163658,31.20301968554176,114.69350316944582,143852688.2
2023-01-05 00:00:00,EVMOS,0.2972116935861239,31.500231379127886,114.19186121993184,144484629.41
2023-01-06 00:00:00,EVMOS,0.29591742156420037,31.796148800692087,113.69458828519278,145116570.62
2023-01-07 00:00:00,EVMOS,0.2946343730370121,32.0907831737291,113.20162753527308,145748511.82999998
2023-01-08 00:00:00,EVMOS,0.2933624026452159,32.384145576374316,112.71292312158295,146380453.04
2023-01-09 00:00:00,EVMOS,0.29210136752881016,32.676246943903124,112.228420155806,147012394.25
2023-01-10 00:00:00,EVMOS,0.2908511272736477,32.96709807117677,111.74806468934885,147644335.45999998
2023-01-11 00:00:00,EVMOS,0.2896115438593147,33.25670961503609,111.27180369331566,148276276.67
2023-01-12 00:00:00,EVMOS,0.2883824816083386,33.545092096644424,110.79958503899329,148908217.88
2023-01-13 00:00:00,EVMOS,0.2871638071366826,33.83225590378111,110.3313574788307,149540159.08999997
2023-01-14 00:00:00,EVMOS,0.28595538930549,34.1182112930866,109.8670706278988,150172100.29999998
2023-01-15 00:00:00,EVMOS,0.2847570991740431,34.40296839226065,109.40667494581656,150804041.51
2023-01-16 00:00:00,EVMOS,0.2835688099538988,34.686537202214545,108.95012171912956,151435982.72
2023-01-17 00:00:00,EVMOS,0.28239039696416796,34.96892759917871,108.49736304412767,152067923.93
2023-01-18 00:00:00,EVMOS,0.2812217375879052,35.25014933676662,108.0483518100899,152699865.14
2023-01-19 00:00:00,EVMOS,0.28006271122957777,35.530212047996194,107.60304168294303,153331806.35
2023-01-20 00:00:00,EVMOS,0.2789131992735809,35.809125247269776,107.1613870893232,153963747.56
2023-01-21 00:00:00,EVMOS,0.2777730850437712,36.086898332313545,106.72334320102789,154595688.76999998
2023-01-22 00:00:00,EVMOS,0.276642253763988,36.363540586077534,106.28886591984802,155227629.98
2023-01-23 00:00:00,EVMOS,0.2755205925195359,36.63906117859707,105.85791186276907,155859571.19
2023-01-24 00:00:00,EVMOS,0.2744079902195999,36.91346916881667,105.43043834753047,156491512.39999998
2023-01-25 00:00:00,EVMOS,0.27330433756056743,37.186773506377236,105.00640337853379,157123453.60999998
2023-01-26 00:00:00,EVMOS,0.27220952699023254,37.45898303336747,104.58576563308937,157755394.82
2023-01-27 00:00:00,EVMOS,0.27112345267285687,37.73010648604033,104.16848444799238,158387336.03
2023-01-28 00:00:00,EVMOS,0.2700460104550629,38.00015249649539,103.7545198064189,159019277.24
2023-01-29 00:00:00,EVMOS,0.2689770978325383,38.26912959432793,103.34383232513314,159651218.45
2023-01-30 00:00:00,EVMOS,0.2679166139175272,38.53704620824546,102.9363832419973,160283159.66
2023-01-31 00:00:00,EVMOS,0.266864459407088,38.803910667652545,102.5321344037759,160915100.87
2023-02-01 00:00:00,EVMOS,0.2658205365520958,39.06973120420464,102.13104825422629,161547042.07999998
2023-02-02 00:00:00,EVMOS,0.26478474912696925,39.33451595333161,101.73308782246716,162178983.29
2023-02-03 00:00:00,EVMOS,0.2637570024001036,39.598272955731716,101.33821671161876,162810924.5
2023-02-04 00:00:00,EVMOS,0.26273720310498827,39.861010158836706,100.94639908770601,163442865.70999998
2023-02-05 00:00:00,EVMOS,0.26172525941199254,40.122735418248695,100.55759966881818,164074806.92
2023-02-06 00:00:00,EVMOS,0.26072108090080104,40.383456499149496,100.1717837145183,164706748.13
2023-02-07 00:00:00,EVMOS,0.2597245785334807,40.643181077682975,99.78891701549522,165338689.33999997
2023-02-08 00:00:00,EVMOS,0.2587356646281632,40.90191674231114,99.40896588345218,165970630.55
2023-02-09 00:00:00,EVMOS,0.25775425283332726,41.15967099514447,99.03189714122574,166602571.76
2023-02-10 00:00:00,EVMOS,0.25678025810266214,41.41645125324713,98.65767811312809,167234512.96999997
2023-02-11 00:00:00,EVMOS,0.2558135966705006,41.67226484991763,98.28627661550811,167866454.18
2023-02-12 00:00:00,EVMOS,0.25485418602780435,41.92711903594544,97.91766094752484,168498395.39
2023-02-13 00:00:00,EVMOS,0.253901944898687,42.181020980844124,97.55179988212711,169130336.6
2023-02-14 00:00:00,EVMOS,0.25295679321746245,42.43397777406159,97.18866265723558,169762277.81
2023-02-15 00:00:00,EVMOS,0.25201865210620333,42.68599642616779,96.82821896712024,170394219.01999998
2023-02-16 00:00:00,EVMOS,0.251087443852797,42.93708387002059,96.47043895396939,171026160.23
2023-02-17 00:00:00,EVMOS,0.25016309188948693,43.18724696191008,96.11529319964498,171658101.44
2023-02-18 00:00:00,EVMOS,0.2492455207718854,43.43649248268196,95.76275271761914,172290042.64999998
2023-02-19 00:00:00,EVMOS,0.24833465615844683,43.68482713884041,95.41278894508747,172921983.85999998
2023-02-20 00:00:00,EVMOS,0.24743042479038987,43.9322575636308,95.06537373525505,173553925.07
2023-02-21 00:00:00,EVMOS,0.24653275447205586,44.178790318102855,94.72047934978988,174185866.27999997
2023-02-22 00:00:00,EVMOS,0.2456415740516938,44.42443189215455,94.37807845144025,174817807.49
2023-02-23 00:00:00,EVMOS,0.24475681340266062,44.66918870555721,94.0381440968117,175449748.7
2023-02-24 00:00:00,EVMOS,0.24387840340502548,44.91306710896224,93.70064972929927,176081689.91
2023-02-25 00:00:00,EVMOS,0.24300627592757026,45.15607338488981,93.36556917217173,176713631.12
2023-02-26 00:00:00,EVMOS,0.24214036381017326,45.39821374869998,93.03287662180341,177345572.32999998
2023-02-27 00:00:00,EVMOS,0.24128060084656908,45.63949434954655,92.70254664105025,177977513.54
2023-02-28 00:00:00,EVMOS,0.24042692176747482,45.879921271314025,92.37455415276665,178609454.75
2023-03-01 00:00:00,EVMOS,0.23957926222407216,46.119500533538094,92.04887443345932,179241395.95999998
2023-03-02 00:00:00,EVMOS,0.23873755877183844,46.35823809230993,91.72548310707478,179873337.17
2023-03-03 00:00:00,EVMOS,0.23790174885471727,46.59613984116465,91.40435613891769,180505278.38
2023-03-04 00:00:00,EVMOS,0.23707177078962027,46.83321161195427,91.08546982969621,181137219.58999997
2023-03-05 00:00:00,EVMOS,0.23624756375125203,47.06945917570552,90.76880080969157,181769160.8
2023-03-06 00:00:00,EVMOS,0.23542906775725125,47.30488824346277,90.45432603304917,182401102.01
2023-03-07 00:00:00,EVMOS,0.23461622365363846,47.53950446711641,90.14202277218742,183033043.21999997
2023-03-08 00:00:00,EVMOS,0.23380897310056512,47.773313440216974,89.8318686123224,183664984.43
2023-03-09 00:00:00,EVMOS,0.233007258558356,48.00632069877533,89.5238414461052,184296925.64
2023-03-10 00:00:00,EVMOS,0.23221102327383666,48.23853172204917,89.21791946836883,184928866.85
2023-03-11 00:00:00,EVMOS,0.23142021126694157,48.46995193331611,88.91408117098281,185560808.06
2023-03-12 00:00:00,EVMOS,0.23063476731759414,48.70058670063371,88.61230533781249,186192749.26999998
2023-03-13 00:00:00,EVMOS,0.2298546369528533,48.93044133758656,88.31257103978048,186824690.48
2023-03-14 00:00:00,EVMOS,0.2290797664343202,49.159521104020875,88.0148576300283,187456631.69
2023-03-15 00:00:00,EVMOS,0.2283101027457984,49.38783120676668,87.71914473917519,188088572.89999998
2023-03-16 00:00:00,EVMOS,0.22754559358120216,49.61537680034788,87.42541227067241,188720514.10999998
2023-03-17 00:00:00,EVMOS,0.22678618733270722,49.84216298768059,87.13364039625067,189352455.32
2023-03-18 00:00:00,EVMOS,0.2260318330791373,50.06819482075973,86.84380955145801,189984396.52999997
2023-03-19 00:00:00,EVMOS,0.2252824805745824,50.29347730133431,86.55590043128693,190616337.74
2023-03-20 00:00:00,EVMOS,0.22453808023724228,50.51801538157156,86.26989398588783,191248278.95
2023-03-21 00:00:00,EVMOS,0.22379858313849033,50.74181396471005,85.98577141636733,191880220.16
2023-03-22 00:00:00,EVMOS,0.22306394099215338,50.9648779057022,85.70351417066946,192512161.37
2023-03-23 00:00:00,EVMOS,0.2223341061440013,51.187212011846206,85.42310393953734,193144102.57999998
2023-03-24 00:00:00,EVMOS,0.22160903156144257,51.40882104340765,85.14452265255426,193776043.79
2023-03-25 00:00:00,EVMOS,0.22088867082342112,51.62970971423107,84.8677524742618,194407985.0
2023-03-26 00:00:00,EVMOS,0.22017297811050884,51.84988269234158,84.59277580035341,195039926.20999998
2023-03-27 00:00:00,EVMOS,0.21946190819519082,52.06934460053677,84.31957525394174,195671867.42
2023-03-28 00:00:00,EVMOS,0.21875541643233773,52.28810001696911,84.0481336818982,196303808.63
2023-03-29 00:00:00,EVMOS,0.21805345874986207,52.506153475718975,83.77843415126279,196935749.83999997
2023-03-30 00:00:00,EVMOS,0.21735599163955296,52.723509467358525,83.51045994572299,197567691.05
2023-03-31 00:00:00,EVMOS,0.21666297214808763,52.94017243950661,83.24419456215999,198199632.26
2023-04-01 00:00:00,EVMOS,0.21597435786821265,53.156146797374824,82.97962170726065,198831573.46999997
2023-04-02 00:00:00,EVMOS,0.2152901069300941,53.371436904304915,82.71672529419405,199463514.68
2023-04-03 00:00:00,EVMOS,0.21461017799283114,53.586047082297746,82.45548943935091,200095455.89
2023-04-04 00:00:00,EVMOS,0.21393453023612982,53.79998161253388,82.19589845914462,200727397.1
2023-04-05 00:00:00,EVMOS,0.21326312335213388,54.01324473588601,81.9379368668725,201359338.31
2023-04-06 00:00:00,EVMOS,0.2125959175374087,54.22584065342342,81.68158936963597,201991279.51999998
2023-04-07 00:00:00,EVMOS,0.21193287348507536,54.437773526908494,81.42684086531844,202623220.73
2023-04-08 00:00:00,EVMOS,0.2112739523770915,54.649047479285585,81.17367643961938,203255161.94
2023-04-09 00:00:00,EVMOS,0.21061911587667576,54.85966659516226,80.92208136314385,203887103.14999998
2023-04-10 00:00:00,EVMOS,0.20996832612087213,55.06963492128313,80.67204108854561,204519044.35999998
2023-04-11 00:00:00,EVMOS,0.20932154571325265,55.278956466996384,80.42354124772339,205150985.57
2023-04-12 00:00:00,EVMOS,0.20867873771675388,55.487635204713136,80.17656764906862,205782926.77999997
2023-04-13 00:00:00,EVMOS,0.20803986564664512,55.69567507035978,79.93110627476365,206414867.99
2023-04-14 00:00:00,EVMOS,0.20740489346362548,55.90307996382341,79.6871432781298,207046809.2
2023-04-15 00:00:00,EVMOS,0.20677378556704687,56.10985374939045,79.44466498102328,207678750.40999997
2023-04-16 00:00:00,EVMOS,0.20614650678826058,56.31600025617871,79.20365787127906,208310691.62
2023-04-17 00:00:00,EVMOS,0.20552302238408426,56.521523278562796,78.9641086002008,208942632.82999998
2023-04-18 00:00:00,EVMOS,0.20490329803038726,56.726426576593184,78.72600398009617,209574574.04
2023-04-19 00:00:00,EVMOS,0.2042872998157919,56.93071387640897,78.4893309818569,210206515.25
2023-04-20 00:00:00,EVMOS,0.20367499423548752,57.13438887064446,78.25407673258205,210838456.45999998
2023-04-21 00:00:00,EVMOS,0.20306634818515584,57.33745521882961,78.02022851324409,211470397.67
2023-04-22 00:00:00,EVMOS,0.20246132895500482,57.539916547784614,77.78777375639659,212102338.88
2023-04-23 00:00:00,EVMOS,0.20185990422390884,57.74177645200852,77.55670004392287,212734280.08999997
2023-04-24 00:00:00,EVMOS,0.20126204205365283,57.94303849406218,77.3269951048245,213366221.29999998
2023-04-25 00:00:00,EVMOS,0.2006677108832788,58.14370620494546,77.09864681304923,213998162.51
2023-04-26 00:00:00,EVMOS,0.2000768795235319,58.34378308446899,76.87164318535699,214630103.71999997
2023-04-27 00:00:00,EVMOS,0.19948951715140423,58.543272601620394,76.64597237922374,215262044.93
2023-04-28 00:00:00,EVMOS,0.19890559330477506,58.74217819492517,76.421622690782,215893986.14
2023-04-29 00:00:00,EVMOS,0.19832507787714407,58.94050327280231,76.19858255279746,216525927.35
2023-04-30 00:00:00,EVMOS,0.19774794111245714,59.13825121391477,75.9768405326809,217157868.56
2023-05-01 00:00:00,EVMOS,0.19717415360002216,59.335425367514794,75.75638533053483,217789809.76999998
2023-05-02 00:00:00,EVMOS,0.1966036862695129,59.532029053784306,75.53720577723391,218421750.98
2023-05-03 00:00:00,EVMOS,0.19603651038605935,59.728065564170365,75.3192908325386,219053692.19
2023-05-04 00:00:00,EVMOS,0.19547259754542326,59.92353816171579,75.10262958324157,219685633.39999998
2023-05-05 00:00:00,EVMOS,0.19491191966925578,60.11845008138505,74.88721124134565,220317574.60999998
2023-05-06 00:00:00,EVMOS,0.1943544490004377,60.312804530385485,74.67302514227343,220949515.82
2023-05-07 00:00:00,EVMOS,0.19380015809849824,60.50660468848398,74.46006074310722,221581457.02999997
2023-05-08 00:00:00,EVMOS,0.1932490198351128,60.6998537083191,74.24830762085914,222213398.24
2023-05-09 00:00:00,EVMOS,0.19270100738967724,60.892554715708776,74.03775547077073,222845339.45
2023-05-10 00:00:00,EVMOS,0.19215609424495667,61.084710809953734,73.82839410464125,223477280.65999997
2023-05-11 00:00:00,EVMOS,0.1916142541828084,61.27632506413654,73.62021344918429,224109221.87
2023-05-12 00:00:00,EVMOS,0.19107546127997724,61.46740052541652,73.41320354441231,224741163.07999998
2023-05-13 00:00:00,EVMOS,0.19053968990396067,61.65794021532048,73.20735454204805,225373104.29
2023-05-14 00:00:00,EVMOS,0.19000691470894435,61.847947130029425,73.00265670396283,226005045.5
2023-05-15 00:00:00,EVMOS,0.189477110631805,62.03742424066123,72.79910040064087,226636986.70999998
2023-05-16 00:00:00,EVMOS,0.1889502528881801,62.226374493549415,72.5966761096692,227268927.92000002
2023-05-17 00:00:00,EVMOS,0.1884263169686034,62.41480081051802,72.3953744142529,227900869.13
2023-05-18 00:00:00,EVMOS,0.1879052786347037,62.60270608915272,72.19518600175458,228532810.33999997
2023-05-19 00:00:00,EVMOS,0.1873871139154672,62.79009320306819,71.99610166225845,229164751.55
2023-05-20 00:00:00,EVMOS,0.18687179910356158,62.97696500217175,71.79811228715788,229796692.76
2023-05-21 00:00:00,EVMOS,0.18635931075172008,63.16332431292347,71.60120886776615,230428633.96999997
2023-05-22 00:00:00,EVMOS,0.18584962566918503,63.349173938592656,71.40538249395003,231060575.18
2023-05-23 00:00:00,EVMOS,0.18534272091821008,63.534516659510864,71.21062435278598,231692516.39
2023-05-24 00:00:00,EVMOS,0.18483857381061886,63.71935523332148,71.01692572723778,232324457.59999996
2023-05-25 00:00:00,EVMOS,0.18433716190441993,63.9036923952259,70.82427799485608,232956398.81
2023-05-26 00:00:00,EVMOS,0.1838384630004769,64.08753085822639,70.63267262649903,233588340.01999998
2023-05-27 00:00:00,EVMOS,0.18334245513923209,64.27087331336561,70.44210118507338,234220281.22999996
2023-05-28 00:00:00,EVMOS,0.18284911659748304,64.4537224299631,70.25255532429613,234852222.44
2023-05-29 00:00:00,EVMOS,0.18235842588521173,64.6360808558483,70.06402678747608,235484163.64999998
2023-05-30 00:00:00,EVMOS,0.18187036174246324,64.81795121759077,69.87650740631483,236116104.86
2023-05-31 00:00:00,EVMOS,0.18138490313627612,64.99933612072705,69.68998909972714,236748046.07
2023-06-01 00:00:00,EVMOS,0.09319195446606744,65.09252807519312,35.80532987380486,237379987.27999997
2023-06-02 00:00:00,EVMOS,0.09294452217626088,65.18547259736938,35.71026378351076,238011928.49
2023-06-03 00:00:00,EVMOS,0.09269840031324895,65.27817099768264,35.615701172985126,238643869.7
2023-06-04 00:00:00,EVMOS,0.09245357849429355,65.37062457617694,35.52163805307068,239275810.90999997
2023-06-05 00:00:00,EVMOS,0.09221004644605324,65.46283462262299,35.42807047664151,239907752.12
2023-06-06 00:00:00,EVMOS,0.09196779400314631,65.55480241662615,35.33499453805095,240539693.32999998
2023-06-07 00:00:00,EVMOS,0.09172681110673633,65.64652922773288,35.24240637258817,241171634.53999996
2023-06-08 00:00:00,EVMOS,0.09148708780313984,65.73801631553603,35.1503021559432,241803575.75
2023-06-09 00:00:00,EVMOS,0.09124861424245594,65.82926492977849,35.05867810368044,242435516.95999998
2023-06-10 00:00:00,EVMOS,0.09101138067721716,65.9202763104557,34.96753047072028,243067458.16999996
2023-06-11 00:00:00,EVMOS,0.09077537746106128,66.01105168791676,34.876855550828815,243699399.38
2023-06-12 00:00:00,EVMOS,0.09054059504742402,66.10159228296419,34.78664967611555,244331340.58999997
2023-06-13 00:00:00,EVMOS,0.09030702398825154,66.19189930695244,34.69690921653875,244963281.8
2023-06-14 00:00:00,EVMOS,0.09007465493273327,66.28197396188517,34.607630579418576,245595223.01
2023-06-15 00:00:00,EVMOS,0.08984347862605387,66.37181744051122,34.51881020895754,246227164.21999997
2023-06-16 00:00:00,EVMOS,0.08961348590816459,66.46143092641938,34.430444585768505,246859105.43
2023-06-17 00:00:00,EVMOS,0.08938466771257347,66.55081559413196,34.342530226409814,247491046.64
2023-06-18 00:00:00,EVMOS,0.08915701506515382,66.63997260919712,34.25506368292752,248122987.84999996
2023-06-19 00:00:00,EVMOS,0.08893051908297098,66.72890312828008,34.16804154240464,248754929.06
2023-06-20 00:00:00,EVMOS,0.08870517097312713,66.81760829925321,34.08146042651727,249386870.26999998
2023-06-21 00:00:00,EVMOS,0.08848096203162314,66.90608926128483,33.99531699109732,250018811.47999996
2023-06-22 00:00:00,EVMOS,0.08825788364223812,66.99434714492708,33.90960792570202,250650752.69
2023-06-23 00:00:00,EVMOS,0.08803592727542559,67.0823830722025,33.82432995318983,251282693.89999998
2023-06-24 00:00:00,EVMOS,0.08781508448722626,67.17019815668974,33.739479829302724,251914635.11
2023-06-25 00:00:00,EVMOS,0.08759534691819743,67.25779350360793,33.6550543422548,252546576.32
2023-06-26 00:00:00,EVMOS,0.08737670629235801,67.34517020990029,33.571050312327024,253178517.52999997
2023-06-27 00:00:00,EVMOS,0.08715915441614958,67.43232936431644,33.487464591468,253810458.74
2023-06-28 00:00:00,EVMOS,0.0869426831774129,67.51927204749386,33.40429406290074,254442399.95
2023-06-29 00:00:00,EVMOS,0.08672728454437939,67.60599933203824,33.32153564073525,255074341.15999997
2023-06-30 00:00:00,EVMOS,0.08651295056467807,67.69251228260292,33.23918626958684,255706282.37
2023-07-01 00:00:00,EVMOS,0.08629967336435664,67.77881195596727,33.15724292420018,256338223.57999998
2023-07-02 00:00:00,EVMOS,0.08608744514691731,67.86489940111419,33.07570260907875,256970164.78999996
2023-07-03 00:00:00,EVMOS,0.08587625819236673,67.95077565930656,32.99456235811985,257602106.0
2023-07-04 00:00:00,EVMOS,0.08566610485628003,68.03644176416284,32.91381923425496,258234047.20999998
2023-07-05 00:00:00,EVMOS,0.08545697756887821,68.12189874173173,32.83347032909531,258865988.41999996
2023-07-06 00:00:00,EVMOS,0.08524886883411945,68.20714761056584,32.75351276258273,259497929.63
2023-07-07 00:00:00,EVMOS,0.08504177122880328,68.29218938179464,32.67394368264547,260129870.83999997
2023-07-08 00:00:00,EVMOS,0.08483567740168811,68.37702505919633,32.59476026485911,260761812.05
2023-07-09 00:00:00,EVMOS,0.08463058007262121,68.46165563926895,32.51595971211236,261393753.26
2023-07-10 00:00:00,EVMOS,0.0844264720316817,68.54608211130063,32.4375392542777,262025694.46999997
2023-07-11 00:00:00,EVMOS,0.08422334613833536,68.63030545743896,32.359496147886745,262657635.68
2023-07-12 00:00:00,EVMOS,0.08402119532060229,68.71432665275957,32.281827675810355,263289576.89
2023-07-13 00:00:00,EVMOS,0.0838200125742359,68.7981466653338,32.20453114694327,263921518.09999996
2023-07-14 00:00:00,EVMOS,0.08361979096191402,68.88176645629572,32.12760389589328,264553459.31
2023-07-15 00:00:00,EVMOS,0.08342052361244152,68.96518697990817,32.051043282674904,265185400.51999998
2023-07-16 00:00:00,EVMOS,0.0832222037199643,69.04840918362814,31.97484669240734,265817341.72999996
2023-07-17 00:00:00,EVMOS,0.08302482454319426,69.13143400817133,31.899011535016744,266449282.94
2023-07-18 00:00:00,EVMOS,0.08282837940464573,69.21426238757597,31.823535244942832,267081224.14999998
2023-07-19 00:00:00,EVMOS,0.08263286168988214,69.29689524926586,31.748415280849454,267713165.36
2023-07-20 00:00:00,EVMOS,0.0824382648467739,69.37933351411263,31.67364912533944,268345106.57
2023-07-21 00:00:00,EVMOS,0.08224458238476628,69.46157809649739,31.59923428467336,268977047.78
2023-07-22 00:00:00,EVMOS,0.08205180787415786,69.54362990437154,31.525168288492235,269608988.99
2023-07-23 00:00:00,EVMOS,0.08185993494538907,69.62548983931693,31.451448689544222,270240930.2
2023-07-24 00:00:00,EVMOS,0.08166895728834045,69.70715879660527,31.378073063415016,270872871.40999997
2023-07-25 00:00:00,EVMOS,0.08147886865164115,69.78863766525691,31.30503900826213,271504812.62
2023-07-26 00:00:00,EVMOS,0.08128966284198666,69.8699273280989,31.232344144552773,272136753.83
2023-07-27 00:00:00,EVMOS,0.08110133372346623,69.95102866182236,31.159986114805445,272768695.03999996
2023-07-28 00:00:00,EVMOS,0.08091387521689948,70.03194253703926,31.087962583335067,273400636.25
2023-07-29 00:00:00,EVMOS,0.08072728129918245,70.11266981833843,31.01627123600168,274032577.46
2023-07-30 00:00:00,EVMOS,0.08054154600264236,70.19321136434107,30.94490977996259,274664518.66999996
2023-07-31 00:00:00,EVMOS,0.08035666341440141,70.27356802775547,30.87387594342791,275296459.88
2023-08-01 00:00:00,EVMOS,0.08017262767574944,70.35374065543122,30.803167475419524,275928401.09
2023-08-02 00:00:00,EVMOS,0.07998943298152485,70.43373008841274,30.732782145533236,276560342.3
2023-08-03 00:00:00,EVMOS,0.07980707357950444,70.51353716199225,30.662717743704338,277192283.51
2023-08-04 00:00:00,EVMOS,0.07962554376980113,70.59316270576205,30.592972079976228,277824224.71999997
2023-08-05 00:00:00,EVMOS,0.07944483790427022,70.67260754366633,30.523542984272247,278456165.93
2023-08-06 00:00:00,EVMOS,0.07926495038592359,70.75187249405225,30.454428306170637,279088107.14
2023-08-07 00:00:00,EVMOS,0.0790858756683517,70.8309583697206,30.385625914682496,279720048.34999996
2023-08-08 00:00:00,EVMOS,0.07890760825515371,70.90986597797576,30.317133698032745,280351989.56
2023-08-09 00:00:00,EVMOS,0.07873014269937506,70.98859612067513,30.248949563444107,280983930.77
2023-08-10 00:00:00,EVMOS,0.07855347360295266,71.06714959427808,30.18107143692392,281615871.97999996
2023-08-11 00:00:00,EVMOS,0.07837759561616756,71.14552718989424,30.11349726305385,282247813.19
2023-08-12 00:00:00,EVMOS,0.07820250343710503,71.22372969333135,30.046225004782457,282879754.4
2023-08-13 00:00:00,EVMOS,0.07802819181112168,71.30175788514248,29.979252643220438,283511695.60999995
2023-08-14 00:00:00,EVMOS,0.07785465553031991,71.3796125406728,29.912578177438704,284143636.82
2023-08-15 00:00:00,EVMOS,0.07768188943302916,71.45729443010582,29.846199624269097,284775578.03
2023-08-16 00:00:00,EVMOS,0.07750988840329412,71.53480431850912,29.780115018107743,285407519.24
2023-08-17 00:00:00,EVMOS,0.07733864737036993,71.61214296587949,29.714322410721078,286039460.45
2023-08-18 00:00:00,EVMOS,0.07716816130822356,71.68931112718771,29.648819871054314,286671401.65999997
2023-08-19 00:00:00,EVMOS,0.0769984252350423,71.76630955242275,29.583605485042575,287303342.87
2023-08-20 00:00:00,EVMOS,0.07682943421274854,71.84313898663551,29.518677355424444,287935284.08
2023-08-21 00:00:00,EVMOS,0.07666118334652067,71.91980016998203,29.454033601557942,288567225.28999996
2023-08-22 00:00:00,EVMOS,0.07649366778432061,71.99629383776634,29.389672359238972,289199166.5
2023-08-23 00:00:00,EVMOS,0.07632688271642746,72.07262072048277,29.32559178052213,289831107.71
2023-08-24 00:00:00,EVMOS,0.07616082337497701,72.14878154385775,29.2617900335438,290463048.91999996
2023-08-25 00:00:00,EVMOS,0.07599548503350749,72.22477702889125,29.198265302347615,291094990.13
2023-08-26 00:00:00,EVMOS,0.07583086300651115,72.30060789189777,29.13501578671218,291726931.34
2023-08-27 00:00:00,EVMOS,0.07566695264899162,72.37627484454676,29.07203970198099,292358872.55
2023-08-28 00:00:00,EVMOS,0.075503749356027,72.45177859390279,29.009335278894582,292990813.76
2023-08-29 00:00:00,EVMOS,0.07534124856233865,72.52711984246513,28.94690076342485,293622754.96999997
2023-08-30 00:00:00,EVMOS,0.07517944574186548,72.60229928820699,28.88473441661148,294254696.18
2023-08-31 00:00:00,EVMOS,0.0750183364073438,72.67731762461433,28.822834514400515,294886637.39
2023-09-01 00:00:00,EVMOS,0.07485791610989234,72.75217554072422,28.761199347484954,295518578.59999996
2023-09-02 00:00:00,EVMOS,0.0746981804386029,72.82687372116283,28.699827221147434,296150519.81
2023-09-03 00:00:00,EVMOS,0.07453912502013603,72.90141284618296,28.638716455104895,296782461.02
2023-09-04 00:00:00,EVMOS,0.07438074551832179,72.97579359170129,28.577865383355217,297414402.22999996
2023-09-05 00:00:00,EVMOS,0.07422303763376586,73.05001662933506,28.51727235402583,298046343.44
2023-09-06 00:00:00,EVMOS,0.07406599710346042,73.12408262643852,28.456935729224266,298678284.65
2023-09-07 00:00:00,EVMOS,0.07390961970039998,73.19799224613892,28.396853884890522,299310225.85999995
2023-09-08 00:00:00,EVMOS,0.07375390123320222,73.27174614737213,28.337025210651383,299942167.07
2023-09-09 00:00:00,EVMOS,0.07359883754573347,73.34534498491786,28.27744810967655,300574108.28
2023-09-10 00:00:00,EVMOS,0.0734444245167389,73.4187894094346,28.218120998536524,301206049.49
2023-09-11 00:00:00,EVMOS,0.0732906580594774,73.49208006749407,28.159042307062375,301837990.7
2023-09-12 00:00:00,EVMOS,0.0731375341213612,73.56521760161543,28.100210478207202,302469931.90999997
2023-09-13 00:00:00,EVMOS,0.07298504868359958,73.63820265029904,28.041623967909313,303101873.12
2023-09-14 00:00:00,EVMOS,0.0728331977608475,73.71103584805988,27.983281244957197,303733814.33
2023-09-15 00:00:00,EVMOS,0.07268197740085824,73.78371782546074,27.925180790856064,304365755.53999996
2023-09-16 00:00:00,EVMOS,0.07253138368414064,73.85624920914488,27.867321099696138,304997696.75
2023-09-17 00:00:00,EVMOS,0.07238141272362036,73.92863062186849,27.809700678022562,305629637.96
2023-09-18 00:00:00,EVMOS,0.07223206066430544,74.0008626825328,27.75231804470683,306261579.16999996
2023-09-19 00:00:00,EVMOS,0.0720833236829561,74.07294600621576,27.69517173081998,306893520.38
2023-09-20 00:00:00,EVMOS,0.07193519798775834,74.14488120420351,27.638260279507154,307525461.59
2023-09-21 00:00:00,EVMOS,0.07178767981800185,74.21666888402152,27.581582245863867,308157402.8
2023-09-22 00:00:00,EVMOS,0.0716407654437616,74.28830964946528,27.52513619681367,308789344.01
2023-09-23 00:00:00,EVMOS,0.07149445116558367,74.35980410063085,27.468920710987412,309421285.21999997
2023-09-24 00:00:00,EVMOS,0.07134873331417448,74.43115283394503,27.412934378603882,310053226.43
2023-09-25 00:00:00,EVMOS,0.07120360825009427,74.50235644219512,27.357175801352007,310685167.64
2023-09-26 00:00:00,EVMOS,0.07105907236345398,74.57341551455858,27.301643592274424,311317108.84999996
2023-09-27 00:00:00,EVMOS,0.07091512207361593,74.64433063663219,27.246336375652433,311949050.06
2023-09-28 00:00:00,EVMOS,0.07077175382889822,74.71510239046108,27.191252786892477,312580991.27
2023-09-29 00:00:00,EVMOS,0.07062896410628255,74.78573135456736,27.13639147241383,313212932.47999996
2023-09-30 00:00:00,EVMOS,0.07048674941112569,74.85621810397849,27.081751089537764,313844873.69
2023-10-01 00:00:00,EVMOS,0.07034510627687428,74.92656321025537,27.027330306378015,314476814.9
2023-10-02 00:00:00,EVMOS,0.07020403126478333,74.99676724152015,26.97312780173254,315108756.10999995
2023-10-03 00:00:00,EVMOS,0.07006352096363776,75.06683076248379,26.919142264976614,315740697.32
2023-10-04 00:00:00,EVMOS,0.06992357198947759,75.13675433447327,26.86537239595718,316372638.53
2023-10-05 00:00:00,EVMOS,0.06978418098532617,75.20653851545859,26.81181690488848,317004579.74
2023-10-06 00:00:00,EVMOS,0.06964534462092188,75.27618386007951,26.758474512248934,317636520.95
2023-10-07 00:00:00,EVMOS,0.06950705959245279,75.34569091967197,26.705343948679236,318268462.15999997
2023-10-08 00:00:00,EVMOS,0.06936932262229463,75.41506024229426,26.652423954881623,318900403.37
2023-10-09 00:00:00,EVMOS,0.0692321304587519,75.48429237275302,26.599713281520465,319532344.58
2023-10-10 00:00:00,EVMOS,0.06909547987580188,75.55338785262882,26.54721068912388,320164285.78999996
2023-10-11 00:00:00,EVMOS,0.06895936767284182,75.62234722030166,26.494914947986594,320796227.0
2023-10-12 00:00:00,EVMOS,0.06882379067443906,75.6911710109761,26.442824838073953,321428168.21
